<keymap version="1" name="GNOME -&gt; Master Robert" parent="Default for GNOME">
  <action id="$Cut">
    <keyboard-shortcut first-keystroke="shift delete" />
  </action>
  <action id="ActivateBigDataToolWindowToolWindow">
    <keyboard-shortcut first-keystroke="shift ctrl alt b" />
  </action>
  <action id="ActivateGitHubCopilotChatToolWindow">
    <keyboard-shortcut first-keystroke="alt x" />
  </action>
  <action id="ActivateKeyPromoterXToolWindow">
    <keyboard-shortcut first-keystroke="ctrl x" />
  </action>
  <action id="BigDataTools.RfsCutAction" />
  <action id="CloseActiveTab">
    <keyboard-shortcut first-keystroke="shift ctrl f4" />
    <keyboard-shortcut first-keystroke="shift ctrl f4" second-keystroke="shift alt q" />
    <keyboard-shortcut first-keystroke="shift alt q" />
  </action>
  <action id="CloseAllEditors">
    <keyboard-shortcut first-keystroke="ctrl alt down" />
  </action>
  <action id="CloseContent">
    <keyboard-shortcut first-keystroke="ctrl f4" />
    <keyboard-shortcut first-keystroke="ctrl f4" second-keystroke="alt q" />
    <keyboard-shortcut first-keystroke="alt q" />
  </action>
  <action id="CommentByLineComment">
    <keyboard-shortcut first-keystroke="ctrl slash" />
    <keyboard-shortcut first-keystroke="ctrl divide" />
    <keyboard-shortcut first-keystroke="ctrl 7" />
  </action>
  <action id="Console.TableResult.NextPage" />
  <action id="DatabaseView.DataSourceCutAction" />
  <action id="EditorContextInfo" />
  <action id="EditorCut">
    <keyboard-shortcut first-keystroke="shift delete" />
    <keyboard-shortcut first-keystroke="shift delete" second-keystroke="ctrl x" />
    <keyboard-shortcut first-keystroke="ctrl x" />
  </action>
  <action id="ExpandAllRegions">
    <keyboard-shortcut first-keystroke="shift ctrl add" />
    <keyboard-shortcut first-keystroke="shift ctrl equals" />
    <keyboard-shortcut first-keystroke="shift ctrl plus" />
  </action>
  <action id="GotoBookmark7" />
  <action id="HideAllWindows" />
  <action id="Maven.Uml.Exclude" />
  <action id="RecentFiles">
    <keyboard-shortcut first-keystroke="alt e" />
  </action>
  <action id="StepOver">
    <keyboard-shortcut first-keystroke="f8" />
    <keyboard-shortcut first-keystroke="f8" second-keystroke="shift s" />
  </action>
  <action id="SwitcherIterateItems" />
  <action id="SwitcherRecentEditedChangedToggleCheckBox" />
  <action id="Terminal.OpenInTerminal">
    <keyboard-shortcut first-keystroke="shift ctrl f12" />
  </action>
  <action id="UsageView.Remove" />
  <action id="WD.UploadCurrentRemoteFileAction" />
</keymap>